﻿{"data":[{"Properties":{"domain":"SPOOKYSEC.LOCAL","name":"ADMINISTRATOR@SPOOKYSEC.LOCAL","distinguishedname":"CN=ADMINISTRATOR,CN=USERS,DC=SPOOKYSEC,DC=LOCAL","domainsid":"S-1-5-21-3591857110-2884097990-301047963","highvalue":false,"samaccountname":"Administrator","description":"Built-in account for administering the computer/domain","whencreated":1586000370,"sensitive":false,"dontreqpreauth":false,"passwordnotreqd":false,"unconstraineddelegation":false,"pwdneverexpires":true,"enabled":true,"trustedtoauth":false,"lastlogon":1600383817,"lastlogontimestamp":1686858571,"pwdlastset":1600383208,"serviceprincipalnames":[],"hasspn":false,"displayname":null,"email":null,"title":null,"homedirectory":null,"userpassword":null,"unixpassword":null,"unicodepassword":null,"sfupassword":null,"logonscript":null,"admincount":true,"sidhistory":[]},"AllowedToDelegate":[],"PrimaryGroupSID":"S-1-5-21-3591857110-2884097990-301047963-513","HasSIDHistory":[],"SPNTargets":[],"Aces":[{"PrincipalSID":"S-1-5-21-3591857110-2884097990-301047963-512","PrincipalType":"Group","RightName":"Owns","IsInherited":false},{"PrincipalSID":"SPOOKYSEC.LOCAL-S-1-5-32-544","PrincipalType":"Group","RightName":"WriteDacl","IsInherited":false},{"PrincipalSID":"SPOOKYSEC.LOCAL-S-1-5-32-544","PrincipalType":"Group","RightName":"WriteOwner","IsInherited":false},{"PrincipalSID":"SPOOKYSEC.LOCAL-S-1-5-32-544","PrincipalType":"Group","RightName":"AllExtendedRights","IsInherited":false},{"PrincipalSID":"SPOOKYSEC.LOCAL-S-1-5-32-544","PrincipalType":"Group","RightName":"GenericWrite","IsInherited":false},{"PrincipalSID":"S-1-5-21-3591857110-2884097990-301047963-512","PrincipalType":"Group","RightName":"WriteDacl","IsInherited":false},{"PrincipalSID":"S-1-5-21-3591857110-2884097990-301047963-512","PrincipalType":"Group","RightName":"WriteOwner","IsInherited":false},{"PrincipalSID":"S-1-5-21-3591857110-2884097990-301047963-512","PrincipalType":"Group","RightName":"AllExtendedRights","IsInherited":false},{"PrincipalSID":"S-1-5-21-3591857110-2884097990-301047963-512","PrincipalType":"Group","RightName":"GenericWrite","IsInherited":false},{"PrincipalSID":"S-1-5-21-3591857110-2884097990-301047963-519","PrincipalType":"Group","RightName":"WriteDacl","IsInherited":false},{"PrincipalSID":"S-1-5-21-3591857110-2884097990-301047963-519","PrincipalType":"Group","RightName":"WriteOwner","IsInherited":false},{"PrincipalSID":"S-1-5-21-3591857110-2884097990-301047963-519","PrincipalType":"Group","RightName":"AllExtendedRights","IsInherited":false},{"PrincipalSID":"S-1-5-21-3591857110-2884097990-301047963-519","PrincipalType":"Group","RightName":"GenericWrite","IsInherited":false}],"ObjectIdentifier":"S-1-5-21-3591857110-2884097990-301047963-500","IsDeleted":false,"IsACLProtected":true},{"Properties":{"domain":"SPOOKYSEC.LOCAL","name":"KRBTGT@SPOOKYSEC.LOCAL","distinguishedname":"CN=KRBTGT,CN=USERS,DC=SPOOKYSEC,DC=LOCAL","domainsid":"S-1-5-21-3591857110-2884097990-301047963","highvalue":false,"samaccountname":"krbtgt","description":"Key Distribution Center Service Account","whencreated":1586000408,"sensitive":false,"dontreqpreauth":false,"passwordnotreqd":false,"unconstraineddelegation":false,"pwdneverexpires":false,"enabled":false,"trustedtoauth":false,"lastlogon":0,"lastlogontimestamp":-1,"pwdlastset":1586025608,"serviceprincipalnames":["kadmin/changepw"],"hasspn":true,"displayname":null,"email":null,"title":null,"homedirectory":null,"userpassword":null,"unixpassword":null,"unicodepassword":null,"sfupassword":null,"logonscript":null,"admincount":true,"sidhistory":[]},"AllowedToDelegate":[],"PrimaryGroupSID":"S-1-5-21-3591857110-2884097990-301047963-513","HasSIDHistory":[],"SPNTargets":[],"Aces":[{"PrincipalSID":"S-1-5-21-3591857110-2884097990-301047963-512","PrincipalType":"Group","RightName":"Owns","IsInherited":false},{"PrincipalSID":"SPOOKYSEC.LOCAL-S-1-5-32-544","PrincipalType":"Group","RightName":"WriteDacl","IsInherited":false},{"PrincipalSID":"SPOOKYSEC.LOCAL-S-1-5-32-544","PrincipalType":"Group","RightName":"WriteOwner","IsInherited":false},{"PrincipalSID":"SPOOKYSEC.LOCAL-S-1-5-32-544","PrincipalType":"Group","RightName":"AllExtendedRights","IsInherited":false},{"PrincipalSID":"SPOOKYSEC.LOCAL-S-1-5-32-544","PrincipalType":"Group","RightName":"GenericWrite","IsInherited":false},{"PrincipalSID":"S-1-5-21-3591857110-2884097990-301047963-512","PrincipalType":"Group","RightName":"WriteDacl","IsInherited":false},{"PrincipalSID":"S-1-5-21-3591857110-2884097990-301047963-512","PrincipalType":"Group","RightName":"WriteOwner","IsInherited":false},{"PrincipalSID":"S-1-5-21-3591857110-2884097990-301047963-512","PrincipalType":"Group","RightName":"AllExtendedRights","IsInherited":false},{"PrincipalSID":"S-1-5-21-3591857110-2884097990-301047963-512","PrincipalType":"Group","RightName":"GenericWrite","IsInherited":false},{"PrincipalSID":"S-1-5-21-3591857110-2884097990-301047963-519","PrincipalType":"Group","RightName":"WriteDacl","IsInherited":false},{"PrincipalSID":"S-1-5-21-3591857110-2884097990-301047963-519","PrincipalType":"Group","RightName":"WriteOwner","IsInherited":false},{"PrincipalSID":"S-1-5-21-3591857110-2884097990-301047963-519","PrincipalType":"Group","RightName":"AllExtendedRights","IsInherited":false},{"PrincipalSID":"S-1-5-21-3591857110-2884097990-301047963-519","PrincipalType":"Group","RightName":"GenericWrite","IsInherited":false}],"ObjectIdentifier":"S-1-5-21-3591857110-2884097990-301047963-502","IsDeleted":false,"IsACLProtected":true},{"Properties":{"domain":"SPOOKYSEC.LOCAL","name":"SHERLOCKSEC@SPOOKYSEC.LOCAL","distinguishedname":"CN=DAN SHERLOCKSEC,OU=STAFF,DC=SPOOKYSEC,DC=LOCAL","domainsid":"S-1-5-21-3591857110-2884097990-301047963","highvalue":false,"samaccountname":"sherlocksec","description":null,"whencreated":1586001175,"sensitive":false,"dontreqpreauth":false,"passwordnotreqd":false,"unconstraineddelegation":false,"pwdneverexpires":true,"enabled":true,"trustedtoauth":false,"lastlogon":0,"lastlogontimestamp":-1,"pwdlastset":1586026376,"serviceprincipalnames":[],"hasspn":false,"displayname":"Dan SherlockSec","email":null,"title":null,"homedirectory":null,"userpassword":null,"unixpassword":null,"unicodepassword":null,"sfupassword":null,"logonscript":null,"admincount":false,"sidhistory":[]},"AllowedToDelegate":[],"PrimaryGroupSID":"S-1-5-21-3591857110-2884097990-301047963-513","HasSIDHistory":[],"SPNTargets":[],"Aces":[{"PrincipalSID":"S-1-5-21-3591857110-2884097990-301047963-512","PrincipalType":"Group","RightName":"Owns","IsInherited":false},{"PrincipalSID":"SPOOKYSEC.LOCAL-S-1-5-32-548","PrincipalType":"Group","RightName":"GenericAll","IsInherited":false},{"PrincipalSID":"S-1-5-21-3591857110-2884097990-301047963-512","PrincipalType":"Group","RightName":"GenericAll","IsInherited":false},{"PrincipalSID":"S-1-5-21-3591857110-2884097990-301047963-526","PrincipalType":"Group","RightName":"AddKeyCredentialLink","IsInherited":true},{"PrincipalSID":"S-1-5-21-3591857110-2884097990-301047963-527","PrincipalType":"Group","RightName":"AddKeyCredentialLink","IsInherited":true},{"PrincipalSID":"S-1-5-21-3591857110-2884097990-301047963-1118","PrincipalType":"User","RightName":"GenericAll","IsInherited":true},{"PrincipalSID":"S-1-5-21-3591857110-2884097990-301047963-519","PrincipalType":"Group","RightName":"GenericAll","IsInherited":true},{"PrincipalSID":"SPOOKYSEC.LOCAL-S-1-5-32-544","PrincipalType":"Group","RightName":"WriteDacl","IsInherited":true},{"PrincipalSID":"SPOOKYSEC.LOCAL-S-1-5-32-544","PrincipalType":"Group","RightName":"WriteOwner","IsInherited":true},{"PrincipalSID":"SPOOKYSEC.LOCAL-S-1-5-32-544","PrincipalType":"Group","RightName":"AllExtendedRights","IsInherited":true},{"PrincipalSID":"SPOOKYSEC.LOCAL-S-1-5-32-544","PrincipalType":"Group","RightName":"GenericWrite","IsInherited":true}],"ObjectIdentifier":"S-1-5-21-3591857110-2884097990-301047963-1107","IsDeleted":false,"IsACLProtected":false},{"Properties":{"domain":"SPOOKYSEC.LOCAL","name":"DARKSTAR@SPOOKYSEC.LOCAL","distinguishedname":"CN=JON DARKSTAR,OU=STAFF,DC=SPOOKYSEC,DC=LOCAL","domainsid":"S-1-5-21-3591857110-2884097990-301047963","highvalue":false,"samaccountname":"darkstar","description":null,"whencreated":1586001196,"sensitive":false,"dontreqpreauth":false,"passwordnotreqd":false,"unconstraineddelegation":false,"pwdneverexpires":true,"enabled":true,"trustedtoauth":false,"lastlogon":0,"lastlogontimestamp":-1,"pwdlastset":1586026397,"serviceprincipalnames":[],"hasspn":false,"displayname":"Jon Darkstar","email":null,"title":null,"homedirectory":null,"userpassword":null,"unixpassword":null,"unicodepassword":null,"sfupassword":null,"logonscript":null,"admincount":false,"sidhistory":[]},"AllowedToDelegate":[],"PrimaryGroupSID":"S-1-5-21-3591857110-2884097990-301047963-513","HasSIDHistory":[],"SPNTargets":[],"Aces":[{"PrincipalSID":"S-1-5-21-3591857110-2884097990-301047963-512","PrincipalType":"Group","RightName":"Owns","IsInherited":false},{"PrincipalSID":"SPOOKYSEC.LOCAL-S-1-5-32-548","PrincipalType":"Group","RightName":"GenericAll","IsInherited":false},{"PrincipalSID":"S-1-5-21-3591857110-2884097990-301047963-512","PrincipalType":"Group","RightName":"GenericAll","IsInherited":false},{"PrincipalSID":"S-1-5-21-3591857110-2884097990-301047963-526","PrincipalType":"Group","RightName":"AddKeyCredentialLink","IsInherited":true},{"PrincipalSID":"S-1-5-21-3591857110-2884097990-301047963-527","PrincipalType":"Group","RightName":"AddKeyCredentialLink","IsInherited":true},{"PrincipalSID":"S-1-5-21-3591857110-2884097990-301047963-1118","PrincipalType":"User","RightName":"GenericAll","IsInherited":true},{"PrincipalSID":"S-1-5-21-3591857110-2884097990-301047963-519","PrincipalType":"Group","RightName":"GenericAll","IsInherited":true},{"PrincipalSID":"SPOOKYSEC.LOCAL-S-1-5-32-544","PrincipalType":"Group","RightName":"WriteDacl","IsInherited":true},{"PrincipalSID":"SPOOKYSEC.LOCAL-S-1-5-32-544","PrincipalType":"Group","RightName":"WriteOwner","IsInherited":true},{"PrincipalSID":"SPOOKYSEC.LOCAL-S-1-5-32-544","PrincipalType":"Group","RightName":"AllExtendedRights","IsInherited":true},{"PrincipalSID":"SPOOKYSEC.LOCAL-S-1-5-32-544","PrincipalType":"Group","RightName":"GenericWrite","IsInherited":true}],"ObjectIdentifier":"S-1-5-21-3591857110-2884097990-301047963-1108","IsDeleted":false,"IsACLProtected":false},{"Properties":{"domain":"SPOOKYSEC.LOCAL","name":"ORI@SPOOKYSEC.LOCAL","distinguishedname":"CN=ORI,OU=STAFF,DC=SPOOKYSEC,DC=LOCAL","domainsid":"S-1-5-21-3591857110-2884097990-301047963","highvalue":false,"samaccountname":"Ori","description":null,"whencreated":1586001225,"sensitive":false,"dontreqpreauth":false,"passwordnotreqd":false,"unconstraineddelegation":false,"pwdneverexpires":true,"enabled":true,"trustedtoauth":false,"lastlogon":0,"lastlogontimestamp":-1,"pwdlastset":1586026426,"serviceprincipalnames":[],"hasspn":false,"displayname":"Ori","email":null,"title":null,"homedirectory":null,"userpassword":null,"unixpassword":null,"unicodepassword":null,"sfupassword":null,"logonscript":null,"admincount":false,"sidhistory":[]},"AllowedToDelegate":[],"PrimaryGroupSID":"S-1-5-21-3591857110-2884097990-301047963-513","HasSIDHistory":[],"SPNTargets":[],"Aces":[{"PrincipalSID":"S-1-5-21-3591857110-2884097990-301047963-512","PrincipalType":"Group","RightName":"Owns","IsInherited":false},{"PrincipalSID":"SPOOKYSEC.LOCAL-S-1-5-32-548","PrincipalType":"Group","RightName":"GenericAll","IsInherited":false},{"PrincipalSID":"S-1-5-21-3591857110-2884097990-301047963-512","PrincipalType":"Group","RightName":"GenericAll","IsInherited":false},{"PrincipalSID":"S-1-5-21-3591857110-2884097990-301047963-526","PrincipalType":"Group","RightName":"AddKeyCredentialLink","IsInherited":true},{"PrincipalSID":"S-1-5-21-3591857110-2884097990-301047963-527","PrincipalType":"Group","RightName":"AddKeyCredentialLink","IsInherited":true},{"PrincipalSID":"S-1-5-21-3591857110-2884097990-301047963-1118","PrincipalType":"User","RightName":"GenericAll","IsInherited":true},{"PrincipalSID":"S-1-5-21-3591857110-2884097990-301047963-519","PrincipalType":"Group","RightName":"GenericAll","IsInherited":true},{"PrincipalSID":"SPOOKYSEC.LOCAL-S-1-5-32-544","PrincipalType":"Group","RightName":"WriteDacl","IsInherited":true},{"PrincipalSID":"SPOOKYSEC.LOCAL-S-1-5-32-544","PrincipalType":"Group","RightName":"WriteOwner","IsInherited":true},{"PrincipalSID":"SPOOKYSEC.LOCAL-S-1-5-32-544","PrincipalType":"Group","RightName":"AllExtendedRights","IsInherited":true},{"PrincipalSID":"SPOOKYSEC.LOCAL-S-1-5-32-544","PrincipalType":"Group","RightName":"GenericWrite","IsInherited":true}],"ObjectIdentifier":"S-1-5-21-3591857110-2884097990-301047963-1109","IsDeleted":false,"IsACLProtected":false},{"Properties":{"domain":"SPOOKYSEC.LOCAL","name":"ROBIN@SPOOKYSEC.LOCAL","distinguishedname":"CN=ROBIN,OU=STAFF,DC=SPOOKYSEC,DC=LOCAL","domainsid":"S-1-5-21-3591857110-2884097990-301047963","highvalue":false,"samaccountname":"robin","description":null,"whencreated":1586001247,"sensitive":false,"dontreqpreauth":false,"passwordnotreqd":false,"unconstraineddelegation":false,"pwdneverexpires":true,"enabled":true,"trustedtoauth":false,"lastlogon":0,"lastlogontimestamp":-1,"pwdlastset":1586026448,"serviceprincipalnames":[],"hasspn":false,"displayname":"Robin","email":null,"title":null,"homedirectory":null,"userpassword":null,"unixpassword":null,"unicodepassword":null,"sfupassword":null,"logonscript":null,"admincount":false,"sidhistory":[]},"AllowedToDelegate":[],"PrimaryGroupSID":"S-1-5-21-3591857110-2884097990-301047963-513","HasSIDHistory":[],"SPNTargets":[],"Aces":[{"PrincipalSID":"S-1-5-21-3591857110-2884097990-301047963-512","PrincipalType":"Group","RightName":"Owns","IsInherited":false},{"PrincipalSID":"SPOOKYSEC.LOCAL-S-1-5-32-548","PrincipalType":"Group","RightName":"GenericAll","IsInherited":false},{"PrincipalSID":"S-1-5-21-3591857110-2884097990-301047963-512","PrincipalType":"Group","RightName":"GenericAll","IsInherited":false},{"PrincipalSID":"S-1-5-21-3591857110-2884097990-301047963-526","PrincipalType":"Group","RightName":"AddKeyCredentialLink","IsInherited":true},{"PrincipalSID":"S-1-5-21-3591857110-2884097990-301047963-527","PrincipalType":"Group","RightName":"AddKeyCredentialLink","IsInherited":true},{"PrincipalSID":"S-1-5-21-3591857110-2884097990-301047963-1118","PrincipalType":"User","RightName":"GenericAll","IsInherited":true},{"PrincipalSID":"S-1-5-21-3591857110-2884097990-301047963-519","PrincipalType":"Group","RightName":"GenericAll","IsInherited":true},{"PrincipalSID":"SPOOKYSEC.LOCAL-S-1-5-32-544","PrincipalType":"Group","RightName":"WriteDacl","IsInherited":true},{"PrincipalSID":"SPOOKYSEC.LOCAL-S-1-5-32-544","PrincipalType":"Group","RightName":"WriteOwner","IsInherited":true},{"PrincipalSID":"SPOOKYSEC.LOCAL-S-1-5-32-544","PrincipalType":"Group","RightName":"AllExtendedRights","IsInherited":true},{"PrincipalSID":"SPOOKYSEC.LOCAL-S-1-5-32-544","PrincipalType":"Group","RightName":"GenericWrite","IsInherited":true}],"ObjectIdentifier":"S-1-5-21-3591857110-2884097990-301047963-1110","IsDeleted":false,"IsACLProtected":false},{"Properties":{"domain":"SPOOKYSEC.LOCAL","name":"PARADOX@SPOOKYSEC.LOCAL","distinguishedname":"CN=PAR ADOX,OU=STAFF,DC=SPOOKYSEC,DC=LOCAL","domainsid":"S-1-5-21-3591857110-2884097990-301047963","highvalue":false,"samaccountname":"paradox","description":null,"whencreated":1586001268,"sensitive":false,"dontreqpreauth":false,"passwordnotreqd":false,"unconstraineddelegation":false,"pwdneverexpires":true,"enabled":true,"trustedtoauth":false,"lastlogon":0,"lastlogontimestamp":-1,"pwdlastset":1586026469,"serviceprincipalnames":[],"hasspn":false,"displayname":"Par Adox","email":null,"title":null,"homedirectory":null,"userpassword":null,"unixpassword":null,"unicodepassword":null,"sfupassword":null,"logonscript":null,"admincount":false,"sidhistory":[]},"AllowedToDelegate":[],"PrimaryGroupSID":"S-1-5-21-3591857110-2884097990-301047963-513","HasSIDHistory":[],"SPNTargets":[],"Aces":[{"PrincipalSID":"S-1-5-21-3591857110-2884097990-301047963-512","PrincipalType":"Group","RightName":"Owns","IsInherited":false},{"PrincipalSID":"SPOOKYSEC.LOCAL-S-1-5-32-548","PrincipalType":"Group","RightName":"GenericAll","IsInherited":false},{"PrincipalSID":"S-1-5-21-3591857110-2884097990-301047963-512","PrincipalType":"Group","RightName":"GenericAll","IsInherited":false},{"PrincipalSID":"S-1-5-21-3591857110-2884097990-301047963-526","PrincipalType":"Group","RightName":"AddKeyCredentialLink","IsInherited":true},{"PrincipalSID":"S-1-5-21-3591857110-2884097990-301047963-527","PrincipalType":"Group","RightName":"AddKeyCredentialLink","IsInherited":true},{"PrincipalSID":"S-1-5-21-3591857110-2884097990-301047963-1118","PrincipalType":"User","RightName":"GenericAll","IsInherited":true},{"PrincipalSID":"S-1-5-21-3591857110-2884097990-301047963-519","PrincipalType":"Group","RightName":"GenericAll","IsInherited":true},{"PrincipalSID":"SPOOKYSEC.LOCAL-S-1-5-32-544","PrincipalType":"Group","RightName":"WriteDacl","IsInherited":true},{"PrincipalSID":"SPOOKYSEC.LOCAL-S-1-5-32-544","PrincipalType":"Group","RightName":"WriteOwner","IsInherited":true},{"PrincipalSID":"SPOOKYSEC.LOCAL-S-1-5-32-544","PrincipalType":"Group","RightName":"AllExtendedRights","IsInherited":true},{"PrincipalSID":"SPOOKYSEC.LOCAL-S-1-5-32-544","PrincipalType":"Group","RightName":"GenericWrite","IsInherited":true}],"ObjectIdentifier":"S-1-5-21-3591857110-2884097990-301047963-1111","IsDeleted":false,"IsACLProtected":false},{"Properties":{"domain":"SPOOKYSEC.LOCAL","name":"MUIRLAND@SPOOKYSEC.LOCAL","distinguishedname":"CN=MUIRLAND ORACLE,OU=STAFF,DC=SPOOKYSEC,DC=LOCAL","domainsid":"S-1-5-21-3591857110-2884097990-301047963","highvalue":false,"samaccountname":"Muirland","description":null,"whencreated":1586001300,"sensitive":false,"dontreqpreauth":false,"passwordnotreqd":false,"unconstraineddelegation":false,"pwdneverexpires":true,"enabled":true,"trustedtoauth":false,"lastlogon":0,"lastlogontimestamp":-1,"pwdlastset":1586026501,"serviceprincipalnames":[],"hasspn":false,"displayname":"Muirland Oracle","email":null,"title":null,"homedirectory":null,"userpassword":null,"unixpassword":null,"unicodepassword":null,"sfupassword":null,"logonscript":null,"admincount":false,"sidhistory":[]},"AllowedToDelegate":[],"PrimaryGroupSID":"S-1-5-21-3591857110-2884097990-301047963-513","HasSIDHistory":[],"SPNTargets":[],"Aces":[{"PrincipalSID":"S-1-5-21-3591857110-2884097990-301047963-512","PrincipalType":"Group","RightName":"Owns","IsInherited":false},{"PrincipalSID":"SPOOKYSEC.LOCAL-S-1-5-32-548","PrincipalType":"Group","RightName":"GenericAll","IsInherited":false},{"PrincipalSID":"S-1-5-21-3591857110-2884097990-301047963-512","PrincipalType":"Group","RightName":"GenericAll","IsInherited":false},{"PrincipalSID":"S-1-5-21-3591857110-2884097990-301047963-526","PrincipalType":"Group","RightName":"AddKeyCredentialLink","IsInherited":true},{"PrincipalSID":"S-1-5-21-3591857110-2884097990-301047963-527","PrincipalType":"Group","RightName":"AddKeyCredentialLink","IsInherited":true},{"PrincipalSID":"S-1-5-21-3591857110-2884097990-301047963-1118","PrincipalType":"User","RightName":"GenericAll","IsInherited":true},{"PrincipalSID":"S-1-5-21-3591857110-2884097990-301047963-519","PrincipalType":"Group","RightName":"GenericAll","IsInherited":true},{"PrincipalSID":"SPOOKYSEC.LOCAL-S-1-5-32-544","PrincipalType":"Group","RightName":"WriteDacl","IsInherited":true},{"PrincipalSID":"SPOOKYSEC.LOCAL-S-1-5-32-544","PrincipalType":"Group","RightName":"WriteOwner","IsInherited":true},{"PrincipalSID":"SPOOKYSEC.LOCAL-S-1-5-32-544","PrincipalType":"Group","RightName":"AllExtendedRights","IsInherited":true},{"PrincipalSID":"SPOOKYSEC.LOCAL-S-1-5-32-544","PrincipalType":"Group","RightName":"GenericWrite","IsInherited":true}],"ObjectIdentifier":"S-1-5-21-3591857110-2884097990-301047963-1112","IsDeleted":false,"IsACLProtected":false},{"Properties":{"domain":"SPOOKYSEC.LOCAL","name":"HORSHARK@SPOOKYSEC.LOCAL","distinguishedname":"CN=HORSHARK,OU=STAFF,DC=SPOOKYSEC,DC=LOCAL","domainsid":"S-1-5-21-3591857110-2884097990-301047963","highvalue":false,"samaccountname":"horshark","description":null,"whencreated":1586001328,"sensitive":false,"dontreqpreauth":false,"passwordnotreqd":false,"unconstraineddelegation":false,"pwdneverexpires":true,"enabled":true,"trustedtoauth":false,"lastlogon":0,"lastlogontimestamp":-1,"pwdlastset":1586026529,"serviceprincipalnames":[],"hasspn":false,"displayname":"horshark","email":null,"title":null,"homedirectory":null,"userpassword":null,"unixpassword":null,"unicodepassword":null,"sfupassword":null,"logonscript":null,"admincount":false,"sidhistory":[]},"AllowedToDelegate":[],"PrimaryGroupSID":"S-1-5-21-3591857110-2884097990-301047963-513","HasSIDHistory":[],"SPNTargets":[],"Aces":[{"PrincipalSID":"S-1-5-21-3591857110-2884097990-301047963-512","PrincipalType":"Group","RightName":"Owns","IsInherited":false},{"PrincipalSID":"SPOOKYSEC.LOCAL-S-1-5-32-548","PrincipalType":"Group","RightName":"GenericAll","IsInherited":false},{"PrincipalSID":"S-1-5-21-3591857110-2884097990-301047963-512","PrincipalType":"Group","RightName":"GenericAll","IsInherited":false},{"PrincipalSID":"S-1-5-21-3591857110-2884097990-301047963-526","PrincipalType":"Group","RightName":"AddKeyCredentialLink","IsInherited":true},{"PrincipalSID":"S-1-5-21-3591857110-2884097990-301047963-527","PrincipalType":"Group","RightName":"AddKeyCredentialLink","IsInherited":true},{"PrincipalSID":"S-1-5-21-3591857110-2884097990-301047963-1118","PrincipalType":"User","RightName":"GenericAll","IsInherited":true},{"PrincipalSID":"S-1-5-21-3591857110-2884097990-301047963-519","PrincipalType":"Group","RightName":"GenericAll","IsInherited":true},{"PrincipalSID":"SPOOKYSEC.LOCAL-S-1-5-32-544","PrincipalType":"Group","RightName":"WriteDacl","IsInherited":true},{"PrincipalSID":"SPOOKYSEC.LOCAL-S-1-5-32-544","PrincipalType":"Group","RightName":"WriteOwner","IsInherited":true},{"PrincipalSID":"SPOOKYSEC.LOCAL-S-1-5-32-544","PrincipalType":"Group","RightName":"AllExtendedRights","IsInherited":true},{"PrincipalSID":"SPOOKYSEC.LOCAL-S-1-5-32-544","PrincipalType":"Group","RightName":"GenericWrite","IsInherited":true}],"ObjectIdentifier":"S-1-5-21-3591857110-2884097990-301047963-1113","IsDeleted":false,"IsACLProtected":false},{"Properties":{"domain":"SPOOKYSEC.LOCAL","name":"SVC-ADMIN@SPOOKYSEC.LOCAL","distinguishedname":"CN=SVC ADMIN,OU=STAFF,DC=SPOOKYSEC,DC=LOCAL","domainsid":"S-1-5-21-3591857110-2884097990-301047963","highvalue":false,"samaccountname":"svc-admin","description":null,"whencreated":1586001475,"sensitive":false,"dontreqpreauth":true,"passwordnotreqd":false,"unconstraineddelegation":false,"pwdneverexpires":true,"enabled":true,"trustedtoauth":false,"lastlogon":1586028469,"lastlogontimestamp":1586027891,"pwdlastset":1586026676,"serviceprincipalnames":[],"hasspn":false,"displayname":"svc admin","email":null,"title":null,"homedirectory":null,"userpassword":null,"unixpassword":null,"unicodepassword":null,"sfupassword":null,"logonscript":null,"admincount":false,"sidhistory":[]},"AllowedToDelegate":[],"PrimaryGroupSID":"S-1-5-21-3591857110-2884097990-301047963-513","HasSIDHistory":[],"SPNTargets":[],"Aces":[{"PrincipalSID":"S-1-5-21-3591857110-2884097990-301047963-512","PrincipalType":"Group","RightName":"Owns","IsInherited":false},{"PrincipalSID":"SPOOKYSEC.LOCAL-S-1-5-32-548","PrincipalType":"Group","RightName":"GenericAll","IsInherited":false},{"PrincipalSID":"S-1-5-21-3591857110-2884097990-301047963-512","PrincipalType":"Group","RightName":"GenericAll","IsInherited":false},{"PrincipalSID":"S-1-5-21-3591857110-2884097990-301047963-526","PrincipalType":"Group","RightName":"AddKeyCredentialLink","IsInherited":true},{"PrincipalSID":"S-1-5-21-3591857110-2884097990-301047963-527","PrincipalType":"Group","RightName":"AddKeyCredentialLink","IsInherited":true},{"PrincipalSID":"S-1-5-21-3591857110-2884097990-301047963-1118","PrincipalType":"User","RightName":"GenericAll","IsInherited":true},{"PrincipalSID":"S-1-5-21-3591857110-2884097990-301047963-519","PrincipalType":"Group","RightName":"GenericAll","IsInherited":true},{"PrincipalSID":"SPOOKYSEC.LOCAL-S-1-5-32-544","PrincipalType":"Group","RightName":"WriteDacl","IsInherited":true},{"PrincipalSID":"SPOOKYSEC.LOCAL-S-1-5-32-544","PrincipalType":"Group","RightName":"WriteOwner","IsInherited":true},{"PrincipalSID":"SPOOKYSEC.LOCAL-S-1-5-32-544","PrincipalType":"Group","RightName":"AllExtendedRights","IsInherited":true},{"PrincipalSID":"SPOOKYSEC.LOCAL-S-1-5-32-544","PrincipalType":"Group","RightName":"GenericWrite","IsInherited":true}],"ObjectIdentifier":"S-1-5-21-3591857110-2884097990-301047963-1114","IsDeleted":false,"IsACLProtected":false},{"Properties":{"domain":"SPOOKYSEC.LOCAL","name":"BACKUP@SPOOKYSEC.LOCAL","distinguishedname":"CN=BACKUP,OU=ADMINISTRATOR,DC=SPOOKYSEC,DC=LOCAL","domainsid":"S-1-5-21-3591857110-2884097990-301047963","highvalue":false,"samaccountname":"backup","description":null,"whencreated":1586005024,"sensitive":false,"dontreqpreauth":false,"passwordnotreqd":false,"unconstraineddelegation":false,"pwdneverexpires":true,"enabled":true,"trustedtoauth":false,"lastlogon":1586030852,"lastlogontimestamp":1586030294,"pwdlastset":1586030225,"serviceprincipalnames":[],"hasspn":false,"displayname":"backup","email":null,"title":null,"homedirectory":null,"userpassword":null,"unixpassword":null,"unicodepassword":null,"sfupassword":null,"logonscript":null,"admincount":false,"sidhistory":[]},"AllowedToDelegate":[],"PrimaryGroupSID":"S-1-5-21-3591857110-2884097990-301047963-513","HasSIDHistory":[],"SPNTargets":[],"Aces":[{"PrincipalSID":"S-1-5-21-3591857110-2884097990-301047963-512","PrincipalType":"Group","RightName":"Owns","IsInherited":false},{"PrincipalSID":"SPOOKYSEC.LOCAL-S-1-5-32-548","PrincipalType":"Group","RightName":"GenericAll","IsInherited":false},{"PrincipalSID":"S-1-5-21-3591857110-2884097990-301047963-512","PrincipalType":"Group","RightName":"GenericAll","IsInherited":false},{"PrincipalSID":"S-1-5-21-3591857110-2884097990-301047963-526","PrincipalType":"Group","RightName":"AddKeyCredentialLink","IsInherited":true},{"PrincipalSID":"S-1-5-21-3591857110-2884097990-301047963-527","PrincipalType":"Group","RightName":"AddKeyCredentialLink","IsInherited":true},{"PrincipalSID":"S-1-5-21-3591857110-2884097990-301047963-1118","PrincipalType":"User","RightName":"GenericAll","IsInherited":true},{"PrincipalSID":"S-1-5-21-3591857110-2884097990-301047963-519","PrincipalType":"Group","RightName":"GenericAll","IsInherited":true},{"PrincipalSID":"SPOOKYSEC.LOCAL-S-1-5-32-544","PrincipalType":"Group","RightName":"WriteDacl","IsInherited":true},{"PrincipalSID":"SPOOKYSEC.LOCAL-S-1-5-32-544","PrincipalType":"Group","RightName":"WriteOwner","IsInherited":true},{"PrincipalSID":"SPOOKYSEC.LOCAL-S-1-5-32-544","PrincipalType":"Group","RightName":"AllExtendedRights","IsInherited":true},{"PrincipalSID":"SPOOKYSEC.LOCAL-S-1-5-32-544","PrincipalType":"Group","RightName":"GenericWrite","IsInherited":true}],"ObjectIdentifier":"S-1-5-21-3591857110-2884097990-301047963-1118","IsDeleted":false,"IsACLProtected":false},{"Properties":{"domain":"SPOOKYSEC.LOCAL","name":"A-SPOOKS@SPOOKYSEC.LOCAL","distinguishedname":"CN=ADMIN SPOOKS,OU=ADMINISTRATOR,DC=SPOOKYSEC,DC=LOCAL","domainsid":"S-1-5-21-3591857110-2884097990-301047963","highvalue":false,"samaccountname":"a-spooks","description":null,"whencreated":1600358532,"sensitive":false,"dontreqpreauth":false,"passwordnotreqd":false,"unconstraineddelegation":false,"pwdneverexpires":true,"enabled":true,"trustedtoauth":false,"lastlogon":1600387669,"lastlogontimestamp":1600383838,"pwdlastset":1600383740,"serviceprincipalnames":[],"hasspn":false,"displayname":"Admin Spooks","email":null,"title":null,"homedirectory":null,"userpassword":null,"unixpassword":null,"unicodepassword":null,"sfupassword":null,"logonscript":null,"admincount":true,"sidhistory":[]},"AllowedToDelegate":[],"PrimaryGroupSID":"S-1-5-21-3591857110-2884097990-301047963-513","HasSIDHistory":[],"SPNTargets":[],"Aces":[{"PrincipalSID":"S-1-5-21-3591857110-2884097990-301047963-512","PrincipalType":"Group","RightName":"Owns","IsInherited":false},{"PrincipalSID":"SPOOKYSEC.LOCAL-S-1-5-32-544","PrincipalType":"Group","RightName":"WriteDacl","IsInherited":false},{"PrincipalSID":"SPOOKYSEC.LOCAL-S-1-5-32-544","PrincipalType":"Group","RightName":"WriteOwner","IsInherited":false},{"PrincipalSID":"SPOOKYSEC.LOCAL-S-1-5-32-544","PrincipalType":"Group","RightName":"AllExtendedRights","IsInherited":false},{"PrincipalSID":"SPOOKYSEC.LOCAL-S-1-5-32-544","PrincipalType":"Group","RightName":"GenericWrite","IsInherited":false},{"PrincipalSID":"S-1-5-21-3591857110-2884097990-301047963-512","PrincipalType":"Group","RightName":"WriteDacl","IsInherited":false},{"PrincipalSID":"S-1-5-21-3591857110-2884097990-301047963-512","PrincipalType":"Group","RightName":"WriteOwner","IsInherited":false},{"PrincipalSID":"S-1-5-21-3591857110-2884097990-301047963-512","PrincipalType":"Group","RightName":"AllExtendedRights","IsInherited":false},{"PrincipalSID":"S-1-5-21-3591857110-2884097990-301047963-512","PrincipalType":"Group","RightName":"GenericWrite","IsInherited":false},{"PrincipalSID":"S-1-5-21-3591857110-2884097990-301047963-519","PrincipalType":"Group","RightName":"WriteDacl","IsInherited":false},{"PrincipalSID":"S-1-5-21-3591857110-2884097990-301047963-519","PrincipalType":"Group","RightName":"WriteOwner","IsInherited":false},{"PrincipalSID":"S-1-5-21-3591857110-2884097990-301047963-519","PrincipalType":"Group","RightName":"AllExtendedRights","IsInherited":false},{"PrincipalSID":"S-1-5-21-3591857110-2884097990-301047963-519","PrincipalType":"Group","RightName":"GenericWrite","IsInherited":false}],"ObjectIdentifier":"S-1-5-21-3591857110-2884097990-301047963-1601","IsDeleted":false,"IsACLProtected":true},{"Properties":{"domain":"SPOOKYSEC.LOCAL","name":"GUEST@SPOOKYSEC.LOCAL","distinguishedname":"CN=GUEST,CN=USERS,DC=SPOOKYSEC,DC=LOCAL","domainsid":"S-1-5-21-3591857110-2884097990-301047963","highvalue":false,"samaccountname":"Guest","description":"Built-in account for guest access to the computer/domain","whencreated":1586000370,"sensitive":false,"dontreqpreauth":false,"passwordnotreqd":true,"unconstraineddelegation":false,"pwdneverexpires":true,"enabled":false,"trustedtoauth":false,"lastlogon":0,"lastlogontimestamp":-1,"pwdlastset":0,"serviceprincipalnames":[],"hasspn":false,"displayname":null,"email":null,"title":null,"homedirectory":null,"userpassword":null,"unixpassword":null,"unicodepassword":null,"sfupassword":null,"logonscript":null,"admincount":false,"sidhistory":[]},"AllowedToDelegate":[],"PrimaryGroupSID":"S-1-5-21-3591857110-2884097990-301047963-514","HasSIDHistory":[],"SPNTargets":[],"Aces":[{"PrincipalSID":"SPOOKYSEC.LOCAL-S-1-5-32-544","PrincipalType":"Group","RightName":"Owns","IsInherited":false},{"PrincipalSID":"SPOOKYSEC.LOCAL-S-1-5-32-548","PrincipalType":"Group","RightName":"GenericAll","IsInherited":false},{"PrincipalSID":"S-1-5-21-3591857110-2884097990-301047963-512","PrincipalType":"Group","RightName":"GenericAll","IsInherited":false},{"PrincipalSID":"S-1-5-21-3591857110-2884097990-301047963-526","PrincipalType":"Group","RightName":"AddKeyCredentialLink","IsInherited":true},{"PrincipalSID":"S-1-5-21-3591857110-2884097990-301047963-527","PrincipalType":"Group","RightName":"AddKeyCredentialLink","IsInherited":true},{"PrincipalSID":"S-1-5-21-3591857110-2884097990-301047963-1118","PrincipalType":"User","RightName":"GenericAll","IsInherited":true},{"PrincipalSID":"S-1-5-21-3591857110-2884097990-301047963-519","PrincipalType":"Group","RightName":"GenericAll","IsInherited":true},{"PrincipalSID":"SPOOKYSEC.LOCAL-S-1-5-32-544","PrincipalType":"Group","RightName":"WriteDacl","IsInherited":true},{"PrincipalSID":"SPOOKYSEC.LOCAL-S-1-5-32-544","PrincipalType":"Group","RightName":"WriteOwner","IsInherited":true},{"PrincipalSID":"SPOOKYSEC.LOCAL-S-1-5-32-544","PrincipalType":"Group","RightName":"AllExtendedRights","IsInherited":true},{"PrincipalSID":"SPOOKYSEC.LOCAL-S-1-5-32-544","PrincipalType":"Group","RightName":"GenericWrite","IsInherited":true}],"ObjectIdentifier":"S-1-5-21-3591857110-2884097990-301047963-501","IsDeleted":false,"IsACLProtected":false},{"Properties":{"domain":"SPOOKYSEC.LOCAL","name":"SKIDY@SPOOKYSEC.LOCAL","distinguishedname":"CN=BEN SKIDY,OU=STAFF,DC=SPOOKYSEC,DC=LOCAL","domainsid":"S-1-5-21-3591857110-2884097990-301047963","highvalue":false,"samaccountname":"skidy","description":null,"whencreated":1586000645,"sensitive":false,"dontreqpreauth":false,"passwordnotreqd":false,"unconstraineddelegation":false,"pwdneverexpires":true,"enabled":true,"trustedtoauth":false,"lastlogon":0,"lastlogontimestamp":-1,"pwdlastset":1586025847,"serviceprincipalnames":[],"hasspn":false,"displayname":"Ben Skidy","email":null,"title":null,"homedirectory":null,"userpassword":null,"unixpassword":null,"unicodepassword":null,"sfupassword":null,"logonscript":null,"admincount":false,"sidhistory":[]},"AllowedToDelegate":[],"PrimaryGroupSID":"S-1-5-21-3591857110-2884097990-301047963-513","HasSIDHistory":[],"SPNTargets":[],"Aces":[{"PrincipalSID":"S-1-5-21-3591857110-2884097990-301047963-512","PrincipalType":"Group","RightName":"Owns","IsInherited":false},{"PrincipalSID":"SPOOKYSEC.LOCAL-S-1-5-32-548","PrincipalType":"Group","RightName":"GenericAll","IsInherited":false},{"PrincipalSID":"S-1-5-21-3591857110-2884097990-301047963-512","PrincipalType":"Group","RightName":"GenericAll","IsInherited":false},{"PrincipalSID":"S-1-5-21-3591857110-2884097990-301047963-526","PrincipalType":"Group","RightName":"AddKeyCredentialLink","IsInherited":true},{"PrincipalSID":"S-1-5-21-3591857110-2884097990-301047963-527","PrincipalType":"Group","RightName":"AddKeyCredentialLink","IsInherited":true},{"PrincipalSID":"S-1-5-21-3591857110-2884097990-301047963-1118","PrincipalType":"User","RightName":"GenericAll","IsInherited":true},{"PrincipalSID":"S-1-5-21-3591857110-2884097990-301047963-519","PrincipalType":"Group","RightName":"GenericAll","IsInherited":true},{"PrincipalSID":"SPOOKYSEC.LOCAL-S-1-5-32-544","PrincipalType":"Group","RightName":"WriteDacl","IsInherited":true},{"PrincipalSID":"SPOOKYSEC.LOCAL-S-1-5-32-544","PrincipalType":"Group","RightName":"WriteOwner","IsInherited":true},{"PrincipalSID":"SPOOKYSEC.LOCAL-S-1-5-32-544","PrincipalType":"Group","RightName":"AllExtendedRights","IsInherited":true},{"PrincipalSID":"SPOOKYSEC.LOCAL-S-1-5-32-544","PrincipalType":"Group","RightName":"GenericWrite","IsInherited":true}],"ObjectIdentifier":"S-1-5-21-3591857110-2884097990-301047963-1103","IsDeleted":false,"IsACLProtected":false},{"Properties":{"domain":"SPOOKYSEC.LOCAL","name":"BREAKEROFTHINGS@SPOOKYSEC.LOCAL","distinguishedname":"CN=ASHU BREAKEROFTHINGS,OU=STAFF,DC=SPOOKYSEC,DC=LOCAL","domainsid":"S-1-5-21-3591857110-2884097990-301047963","highvalue":false,"samaccountname":"breakerofthings","description":null,"whencreated":1586001090,"sensitive":false,"dontreqpreauth":false,"passwordnotreqd":false,"unconstraineddelegation":false,"pwdneverexpires":true,"enabled":true,"trustedtoauth":false,"lastlogon":0,"lastlogontimestamp":-1,"pwdlastset":1586026291,"serviceprincipalnames":[],"hasspn":false,"displayname":"Ashu BreakerOfThings","email":null,"title":null,"homedirectory":null,"userpassword":null,"unixpassword":null,"unicodepassword":null,"sfupassword":null,"logonscript":null,"admincount":false,"sidhistory":[]},"AllowedToDelegate":[],"PrimaryGroupSID":"S-1-5-21-3591857110-2884097990-301047963-513","HasSIDHistory":[],"SPNTargets":[],"Aces":[{"PrincipalSID":"S-1-5-21-3591857110-2884097990-301047963-512","PrincipalType":"Group","RightName":"Owns","IsInherited":false},{"PrincipalSID":"SPOOKYSEC.LOCAL-S-1-5-32-548","PrincipalType":"Group","RightName":"GenericAll","IsInherited":false},{"PrincipalSID":"S-1-5-21-3591857110-2884097990-301047963-512","PrincipalType":"Group","RightName":"GenericAll","IsInherited":false},{"PrincipalSID":"S-1-5-21-3591857110-2884097990-301047963-526","PrincipalType":"Group","RightName":"AddKeyCredentialLink","IsInherited":true},{"PrincipalSID":"S-1-5-21-3591857110-2884097990-301047963-527","PrincipalType":"Group","RightName":"AddKeyCredentialLink","IsInherited":true},{"PrincipalSID":"S-1-5-21-3591857110-2884097990-301047963-1118","PrincipalType":"User","RightName":"GenericAll","IsInherited":true},{"PrincipalSID":"S-1-5-21-3591857110-2884097990-301047963-519","PrincipalType":"Group","RightName":"GenericAll","IsInherited":true},{"PrincipalSID":"SPOOKYSEC.LOCAL-S-1-5-32-544","PrincipalType":"Group","RightName":"WriteDacl","IsInherited":true},{"PrincipalSID":"SPOOKYSEC.LOCAL-S-1-5-32-544","PrincipalType":"Group","RightName":"WriteOwner","IsInherited":true},{"PrincipalSID":"SPOOKYSEC.LOCAL-S-1-5-32-544","PrincipalType":"Group","RightName":"AllExtendedRights","IsInherited":true},{"PrincipalSID":"SPOOKYSEC.LOCAL-S-1-5-32-544","PrincipalType":"Group","RightName":"GenericWrite","IsInherited":true}],"ObjectIdentifier":"S-1-5-21-3591857110-2884097990-301047963-1104","IsDeleted":false,"IsACLProtected":false},{"Properties":{"domain":"SPOOKYSEC.LOCAL","name":"OPTIONAL@SPOOKYSEC.LOCAL","distinguishedname":"CN=ROOT OPTIONAL,OU=STAFF,DC=SPOOKYSEC,DC=LOCAL","domainsid":"S-1-5-21-3591857110-2884097990-301047963","highvalue":false,"samaccountname":"optional","description":null,"whencreated":1586001151,"sensitive":false,"dontreqpreauth":false,"passwordnotreqd":false,"unconstraineddelegation":false,"pwdneverexpires":true,"enabled":true,"trustedtoauth":false,"lastlogon":0,"lastlogontimestamp":-1,"pwdlastset":1586026352,"serviceprincipalnames":[],"hasspn":false,"displayname":"root optional","email":null,"title":null,"homedirectory":null,"userpassword":null,"unixpassword":null,"unicodepassword":null,"sfupassword":null,"logonscript":null,"admincount":false,"sidhistory":[]},"AllowedToDelegate":[],"PrimaryGroupSID":"S-1-5-21-3591857110-2884097990-301047963-513","HasSIDHistory":[],"SPNTargets":[],"Aces":[{"PrincipalSID":"S-1-5-21-3591857110-2884097990-301047963-512","PrincipalType":"Group","RightName":"Owns","IsInherited":false},{"PrincipalSID":"SPOOKYSEC.LOCAL-S-1-5-32-548","PrincipalType":"Group","RightName":"GenericAll","IsInherited":false},{"PrincipalSID":"S-1-5-21-3591857110-2884097990-301047963-512","PrincipalType":"Group","RightName":"GenericAll","IsInherited":false},{"PrincipalSID":"S-1-5-21-3591857110-2884097990-301047963-526","PrincipalType":"Group","RightName":"AddKeyCredentialLink","IsInherited":true},{"PrincipalSID":"S-1-5-21-3591857110-2884097990-301047963-527","PrincipalType":"Group","RightName":"AddKeyCredentialLink","IsInherited":true},{"PrincipalSID":"S-1-5-21-3591857110-2884097990-301047963-1118","PrincipalType":"User","RightName":"GenericAll","IsInherited":true},{"PrincipalSID":"S-1-5-21-3591857110-2884097990-301047963-519","PrincipalType":"Group","RightName":"GenericAll","IsInherited":true},{"PrincipalSID":"SPOOKYSEC.LOCAL-S-1-5-32-544","PrincipalType":"Group","RightName":"WriteDacl","IsInherited":true},{"PrincipalSID":"SPOOKYSEC.LOCAL-S-1-5-32-544","PrincipalType":"Group","RightName":"WriteOwner","IsInherited":true},{"PrincipalSID":"SPOOKYSEC.LOCAL-S-1-5-32-544","PrincipalType":"Group","RightName":"AllExtendedRights","IsInherited":true},{"PrincipalSID":"SPOOKYSEC.LOCAL-S-1-5-32-544","PrincipalType":"Group","RightName":"GenericWrite","IsInherited":true}],"ObjectIdentifier":"S-1-5-21-3591857110-2884097990-301047963-1106","IsDeleted":false,"IsACLProtected":false},{"Properties":{"domain":"SPOOKYSEC.LOCAL","name":"JAMES@SPOOKYSEC.LOCAL","distinguishedname":"CN=JAMES NINJA,OU=STAFF,DC=SPOOKYSEC,DC=LOCAL","domainsid":"S-1-5-21-3591857110-2884097990-301047963","highvalue":false,"samaccountname":"james","description":null,"whencreated":1586001112,"sensitive":false,"dontreqpreauth":false,"passwordnotreqd":false,"unconstraineddelegation":false,"pwdneverexpires":true,"enabled":true,"trustedtoauth":false,"lastlogon":0,"lastlogontimestamp":-1,"pwdlastset":1586026313,"serviceprincipalnames":[],"hasspn":false,"displayname":"James Ninja","email":null,"title":null,"homedirectory":null,"userpassword":null,"unixpassword":null,"unicodepassword":null,"sfupassword":null,"logonscript":null,"admincount":false,"sidhistory":[]},"AllowedToDelegate":[],"PrimaryGroupSID":"S-1-5-21-3591857110-2884097990-301047963-513","HasSIDHistory":[],"SPNTargets":[],"Aces":[{"PrincipalSID":"S-1-5-21-3591857110-2884097990-301047963-512","PrincipalType":"Group","RightName":"Owns","IsInherited":false},{"PrincipalSID":"SPOOKYSEC.LOCAL-S-1-5-32-548","PrincipalType":"Group","RightName":"GenericAll","IsInherited":false},{"PrincipalSID":"S-1-5-21-3591857110-2884097990-301047963-512","PrincipalType":"Group","RightName":"GenericAll","IsInherited":false},{"PrincipalSID":"S-1-5-21-3591857110-2884097990-301047963-526","PrincipalType":"Group","RightName":"AddKeyCredentialLink","IsInherited":true},{"PrincipalSID":"S-1-5-21-3591857110-2884097990-301047963-527","PrincipalType":"Group","RightName":"AddKeyCredentialLink","IsInherited":true},{"PrincipalSID":"S-1-5-21-3591857110-2884097990-301047963-1118","PrincipalType":"User","RightName":"GenericAll","IsInherited":true},{"PrincipalSID":"S-1-5-21-3591857110-2884097990-301047963-519","PrincipalType":"Group","RightName":"GenericAll","IsInherited":true},{"PrincipalSID":"SPOOKYSEC.LOCAL-S-1-5-32-544","PrincipalType":"Group","RightName":"WriteDacl","IsInherited":true},{"PrincipalSID":"SPOOKYSEC.LOCAL-S-1-5-32-544","PrincipalType":"Group","RightName":"WriteOwner","IsInherited":true},{"PrincipalSID":"SPOOKYSEC.LOCAL-S-1-5-32-544","PrincipalType":"Group","RightName":"AllExtendedRights","IsInherited":true},{"PrincipalSID":"SPOOKYSEC.LOCAL-S-1-5-32-544","PrincipalType":"Group","RightName":"GenericWrite","IsInherited":true}],"ObjectIdentifier":"S-1-5-21-3591857110-2884097990-301047963-1105","IsDeleted":false,"IsACLProtected":false},{"Properties":{"name":"NT AUTHORITY@SPOOKYSEC.LOCAL","domainsid":"S-1-5-21-3591857110-2884097990-301047963","domain":"SPOOKYSEC.LOCAL"},"AllowedToDelegate":[],"PrimaryGroupSID":null,"HasSIDHistory":[],"SPNTargets":[],"Aces":[],"ObjectIdentifier":"SPOOKYSEC.LOCAL-S-1-5-20","IsDeleted":false,"IsACLProtected":false}],"meta":{"methods":29695,"type":"users","count":18,"version":5}}