﻿{"data":[{"GPOChanges":{"LocalAdmins":[],"RemoteDesktopUsers":[],"DcomUsers":[],"PSRemoteUsers":[],"AffectedComputers":[{"ObjectIdentifier":"S-1-5-21-3591857110-2884097990-301047963-1000","ObjectType":"Computer"}]},"Properties":{"domain":"SPOOKYSEC.LOCAL","name":"SPOOKYSEC.LOCAL","distinguishedname":"DC=SPOOKYSEC,DC=LOCAL","domainsid":"S-1-5-21-3591857110-2884097990-301047963","highvalue":true,"description":null,"whencreated":1586000365,"functionallevel":"2016"},"ChildObjects":[{"ObjectIdentifier":"4B5720A2-C270-4100-A5E8-E9B766F78780","ObjectType":"OU"},{"ObjectIdentifier":"S-1-5-21-3591857110-2884097990-301047963-1116","ObjectType":"Group"},{"ObjectIdentifier":"C48F8D5B-58CF-46EB-8D1A-CD4CCC458FE7","ObjectType":"Container"},{"ObjectIdentifier":"S-1-5-21-3591857110-2884097990-301047963-1117","ObjectType":"Group"},{"ObjectIdentifier":"0FA08E71-A4C1-4D7C-8844-FB92BD776DAE","ObjectType":"OU"},{"ObjectIdentifier":"4BAFFE1C-E13A-490B-A8AC-0BA5AF1B2298","ObjectType":"Container"},{"ObjectIdentifier":"D629E11B-1BF9-4F8C-9C9F-B8845DFC1C1D","ObjectType":"Container"},{"ObjectIdentifier":"B052C988-5D36-405B-A940-E51CD01F3647","ObjectType":"Container"},{"ObjectIdentifier":"AC70CD9D-938C-4843-B0EE-A9412DD06330","ObjectType":"OU"},{"ObjectIdentifier":"767356E9-AB5F-46AD-B553-21120A890540","ObjectType":"Container"}],"Trusts":[],"Links":[{"IsEnforced":true,"GUID":"93EDD552-7E8D-4AF2-82FE-708096D498BF"}],"Aces":[{"PrincipalSID":"SPOOKYSEC.LOCAL-S-1-5-32-544","PrincipalType":"Group","RightName":"Owns","IsInherited":false},{"PrincipalSID":"SPOOKYSEC.LOCAL-S-1-5-32-544","PrincipalType":"Group","RightName":"WriteDacl","IsInherited":false},{"PrincipalSID":"SPOOKYSEC.LOCAL-S-1-5-32-544","PrincipalType":"Group","RightName":"WriteOwner","IsInherited":false},{"PrincipalSID":"SPOOKYSEC.LOCAL-S-1-5-32-544","PrincipalType":"Group","RightName":"AllExtendedRights","IsInherited":false},{"PrincipalSID":"S-1-5-21-3591857110-2884097990-301047963-512","PrincipalType":"Group","RightName":"WriteDacl","IsInherited":false},{"PrincipalSID":"S-1-5-21-3591857110-2884097990-301047963-512","PrincipalType":"Group","RightName":"WriteOwner","IsInherited":false},{"PrincipalSID":"S-1-5-21-3591857110-2884097990-301047963-512","PrincipalType":"Group","RightName":"AllExtendedRights","IsInherited":false},{"PrincipalSID":"S-1-5-21-3591857110-2884097990-301047963-519","PrincipalType":"Group","RightName":"GenericAll","IsInherited":false},{"PrincipalSID":"SPOOKYSEC.LOCAL-S-1-5-9","PrincipalType":"Group","RightName":"GetChanges","IsInherited":false},{"PrincipalSID":"SPOOKYSEC.LOCAL-S-1-5-9","PrincipalType":"Group","RightName":"GetChangesInFilteredSet","IsInherited":false},{"PrincipalSID":"SPOOKYSEC.LOCAL-S-1-5-32-544","PrincipalType":"Group","RightName":"GetChanges","IsInherited":false},{"PrincipalSID":"SPOOKYSEC.LOCAL-S-1-5-32-544","PrincipalType":"Group","RightName":"GetChangesInFilteredSet","IsInherited":false},{"PrincipalSID":"SPOOKYSEC.LOCAL-S-1-5-32-544","PrincipalType":"Group","RightName":"GetChangesAll","IsInherited":false},{"PrincipalSID":"S-1-5-21-3591857110-2884097990-301047963-498","PrincipalType":"Group","RightName":"GetChanges","IsInherited":false},{"PrincipalSID":"S-1-5-21-3591857110-2884097990-301047963-516","PrincipalType":"Group","RightName":"GetChangesAll","IsInherited":false},{"PrincipalSID":"S-1-5-21-3591857110-2884097990-301047963-1118","PrincipalType":"User","RightName":"GenericAll","IsInherited":false},{"PrincipalSID":"S-1-5-21-3591857110-2884097990-301047963-1118","PrincipalType":"User","RightName":"GetChangesInFilteredSet","IsInherited":false},{"PrincipalSID":"S-1-5-21-3591857110-2884097990-301047963-1118","PrincipalType":"User","RightName":"GetChanges","IsInherited":false}],"ObjectIdentifier":"S-1-5-21-3591857110-2884097990-301047963","IsDeleted":false,"IsACLProtected":false}],"meta":{"methods":29695,"type":"domains","count":1,"version":5}}