﻿{"data":[{"Properties":{"domain":"SPOOKYSEC.LOCAL","name":"DEFAULT DOMAIN CONTROLLERS POLICY@SPOOKYSEC.LOCAL","distinguishedname":"CN={6AC1786C-016F-11D2-945F-00C04FB984F9},CN=POLICIES,CN=SYSTEM,DC=SPOOKYSEC,DC=LOCAL","domainsid":"S-1-5-21-3591857110-2884097990-301047963","highvalue":false,"description":null,"whencreated":1586000370,"gpcpath":"\\\\SPOOKYSEC.LOCAL\\SYSVOL\\SPOOKYSEC.LOCAL\\POLICIES\\{6AC1786C-016F-11D2-945F-00C04FB984F9}"},"Aces":[{"PrincipalSID":"S-1-5-21-3591857110-2884097990-301047963-512","PrincipalType":"Group","RightName":"Owns","IsInherited":false},{"PrincipalSID":"S-1-5-21-3591857110-2884097990-301047963-512","PrincipalType":"Group","RightName":"WriteDacl","IsInherited":false},{"PrincipalSID":"S-1-5-21-3591857110-2884097990-301047963-512","PrincipalType":"Group","RightName":"WriteOwner","IsInherited":false},{"PrincipalSID":"S-1-5-21-3591857110-2884097990-301047963-512","PrincipalType":"Group","RightName":"GenericWrite","IsInherited":false},{"PrincipalSID":"S-1-5-21-3591857110-2884097990-301047963-512","PrincipalType":"Group","RightName":"WriteDacl","IsInherited":false},{"PrincipalSID":"S-1-5-21-3591857110-2884097990-301047963-512","PrincipalType":"Group","RightName":"WriteOwner","IsInherited":false},{"PrincipalSID":"S-1-5-21-3591857110-2884097990-301047963-512","PrincipalType":"Group","RightName":"GenericWrite","IsInherited":false},{"PrincipalSID":"S-1-5-21-3591857110-2884097990-301047963-519","PrincipalType":"Group","RightName":"WriteDacl","IsInherited":false},{"PrincipalSID":"S-1-5-21-3591857110-2884097990-301047963-519","PrincipalType":"Group","RightName":"WriteOwner","IsInherited":false},{"PrincipalSID":"S-1-5-21-3591857110-2884097990-301047963-519","PrincipalType":"Group","RightName":"GenericWrite","IsInherited":false}],"ObjectIdentifier":"ABB1757E-8427-43B1-94A2-2A4CCEAB4CBB","IsDeleted":false,"IsACLProtected":true},{"Properties":{"domain":"SPOOKYSEC.LOCAL","name":"DEFAULT DOMAIN POLICY@SPOOKYSEC.LOCAL","distinguishedname":"CN={31B2F340-016D-11D2-945F-00C04FB984F9},CN=POLICIES,CN=SYSTEM,DC=SPOOKYSEC,DC=LOCAL","domainsid":"S-1-5-21-3591857110-2884097990-301047963","highvalue":false,"description":null,"whencreated":1586000370,"gpcpath":"\\\\SPOOKYSEC.LOCAL\\SYSVOL\\SPOOKYSEC.LOCAL\\POLICIES\\{31B2F340-016D-11D2-945F-00C04FB984F9}"},"Aces":[{"PrincipalSID":"S-1-5-21-3591857110-2884097990-301047963-512","PrincipalType":"Group","RightName":"Owns","IsInherited":false},{"PrincipalSID":"S-1-5-21-3591857110-2884097990-301047963-512","PrincipalType":"Group","RightName":"WriteDacl","IsInherited":false},{"PrincipalSID":"S-1-5-21-3591857110-2884097990-301047963-512","PrincipalType":"Group","RightName":"WriteOwner","IsInherited":false},{"PrincipalSID":"S-1-5-21-3591857110-2884097990-301047963-512","PrincipalType":"Group","RightName":"GenericWrite","IsInherited":false},{"PrincipalSID":"S-1-5-21-3591857110-2884097990-301047963-512","PrincipalType":"Group","RightName":"WriteDacl","IsInherited":false},{"PrincipalSID":"S-1-5-21-3591857110-2884097990-301047963-512","PrincipalType":"Group","RightName":"WriteOwner","IsInherited":false},{"PrincipalSID":"S-1-5-21-3591857110-2884097990-301047963-512","PrincipalType":"Group","RightName":"GenericWrite","IsInherited":false},{"PrincipalSID":"S-1-5-21-3591857110-2884097990-301047963-519","PrincipalType":"Group","RightName":"WriteDacl","IsInherited":false},{"PrincipalSID":"S-1-5-21-3591857110-2884097990-301047963-519","PrincipalType":"Group","RightName":"WriteOwner","IsInherited":false},{"PrincipalSID":"S-1-5-21-3591857110-2884097990-301047963-519","PrincipalType":"Group","RightName":"GenericWrite","IsInherited":false}],"ObjectIdentifier":"93EDD552-7E8D-4AF2-82FE-708096D498BF","IsDeleted":false,"IsACLProtected":true}],"meta":{"methods":29695,"type":"gpos","count":2,"version":5}}