﻿{"data":[{"Properties":{"domain":"SPOOKYSEC.LOCAL","name":"ATTACKTIVEDIRECTORY.SPOOKYSEC.LOCAL","distinguishedname":"CN=ATTACKTIVEDIREC,OU=DOMAIN CONTROLLERS,DC=SPOOKYSEC,DC=LOCAL","domainsid":"S-1-5-21-3591857110-2884097990-301047963","highvalue":false,"samaccountname":"ATTACKTIVEDIREC$","haslaps":false,"description":null,"whencreated":1586000408,"enabled":true,"unconstraineddelegation":true,"trustedtoauth":false,"lastlogon":1686858599,"lastlogontimestamp":1686858569,"pwdlastset":1686858550,"serviceprincipalnames":["Dfsr-12F9A27C-BF97-4787-9364-D31B6C55EB04/AttacktiveDirectory.spookysec.local","ldap/AttacktiveDirectory.spookysec.local/ForestDnsZones.spookysec.local","ldap/AttacktiveDirectory.spookysec.local/DomainDnsZones.spookysec.local","TERMSRV/ATTACKTIVEDIREC","TERMSRV/AttacktiveDirectory.spookysec.local","DNS/AttacktiveDirectory.spookysec.local","GC/AttacktiveDirectory.spookysec.local/spookysec.local","RestrictedKrbHost/AttacktiveDirectory.spookysec.local","RestrictedKrbHost/ATTACKTIVEDIREC","RPC/22efa0ac-0a79-44f5-a04f-4caf1260c1ad._msdcs.spookysec.local","HOST/ATTACKTIVEDIREC/THM-AD","HOST/AttacktiveDirectory.spookysec.local/THM-AD","HOST/ATTACKTIVEDIREC","HOST/AttacktiveDirectory.spookysec.local","HOST/AttacktiveDirectory.spookysec.local/spookysec.local","E3514235-4B06-11D1-AB04-00C04FC2DCD2/22efa0ac-0a79-44f5-a04f-4caf1260c1ad/spookysec.local","ldap/ATTACKTIVEDIREC/THM-AD","ldap/22efa0ac-0a79-44f5-a04f-4caf1260c1ad._msdcs.spookysec.local","ldap/AttacktiveDirectory.spookysec.local/THM-AD","ldap/ATTACKTIVEDIREC","ldap/AttacktiveDirectory.spookysec.local","ldap/AttacktiveDirectory.spookysec.local/spookysec.local"],"operatingsystem":"Windows Server 2019 Standard","sidhistory":[]},"PrimaryGroupSID":"S-1-5-21-3591857110-2884097990-301047963-516","AllowedToDelegate":[],"AllowedToAct":[],"HasSIDHistory":[],"DumpSMSAPassword":[],"Sessions":{"Results":[],"Collected":true,"FailureReason":null},"PrivilegedSessions":{"Results":[{"UserSID":"S-1-5-21-3591857110-2884097990-301047963-1114","ComputerSID":"S-1-5-21-3591857110-2884097990-301047963-1000"},{"UserSID":"S-1-5-21-3591857110-2884097990-301047963-1114","ComputerSID":"S-1-5-21-3591857110-2884097990-301047963-1000"}],"Collected":true,"FailureReason":null},"RegistrySessions":{"Results":[{"UserSID":"S-1-5-21-3591857110-2884097990-301047963-1114","ComputerSID":"S-1-5-21-3591857110-2884097990-301047963-1000"},{"UserSID":"S-1-5-21-3591857110-2884097990-301047963-500","ComputerSID":"S-1-5-21-3591857110-2884097990-301047963-1000"}],"Collected":true,"FailureReason":null},"LocalAdmins":{"Results":[{"ObjectIdentifier":"S-1-5-21-3591857110-2884097990-301047963-500","ObjectType":"User"},{"ObjectIdentifier":"S-1-5-21-3591857110-2884097990-301047963-519","ObjectType":"Group"},{"ObjectIdentifier":"S-1-5-21-3591857110-2884097990-301047963-512","ObjectType":"Group"}],"Collected":true,"FailureReason":null},"RemoteDesktopUsers":{"Results":[{"ObjectIdentifier":"S-1-5-21-3591857110-2884097990-301047963-500","ObjectType":"User"},{"ObjectIdentifier":"S-1-5-21-3591857110-2884097990-301047963-513","ObjectType":"Group"},{"ObjectIdentifier":"S-1-5-21-3591857110-2884097990-301047963-1114","ObjectType":"User"},{"ObjectIdentifier":"S-1-5-21-3591857110-2884097990-301047963-1601","ObjectType":"User"}],"Collected":true,"FailureReason":null},"DcomUsers":{"Results":[],"Collected":true,"FailureReason":null},"PSRemoteUsers":{"Results":[],"Collected":true,"FailureReason":null},"Status":null,"Aces":[{"PrincipalSID":"S-1-5-21-3591857110-2884097990-301047963-512","PrincipalType":"Group","RightName":"Owns","IsInherited":false},{"PrincipalSID":"S-1-5-21-3591857110-2884097990-301047963-512","PrincipalType":"Group","RightName":"GenericAll","IsInherited":false},{"PrincipalSID":"S-1-5-21-3591857110-2884097990-301047963-526","PrincipalType":"Group","RightName":"AddKeyCredentialLink","IsInherited":true},{"PrincipalSID":"S-1-5-21-3591857110-2884097990-301047963-527","PrincipalType":"Group","RightName":"AddKeyCredentialLink","IsInherited":true},{"PrincipalSID":"S-1-5-21-3591857110-2884097990-301047963-1118","PrincipalType":"User","RightName":"GenericAll","IsInherited":true},{"PrincipalSID":"S-1-5-21-3591857110-2884097990-301047963-519","PrincipalType":"Group","RightName":"GenericAll","IsInherited":true},{"PrincipalSID":"SPOOKYSEC.LOCAL-S-1-5-32-544","PrincipalType":"Group","RightName":"WriteDacl","IsInherited":true},{"PrincipalSID":"SPOOKYSEC.LOCAL-S-1-5-32-544","PrincipalType":"Group","RightName":"WriteOwner","IsInherited":true},{"PrincipalSID":"SPOOKYSEC.LOCAL-S-1-5-32-544","PrincipalType":"Group","RightName":"GenericWrite","IsInherited":true}],"ObjectIdentifier":"S-1-5-21-3591857110-2884097990-301047963-1000","IsDeleted":false,"IsACLProtected":false}],"meta":{"methods":29695,"type":"computers","count":1,"version":5}}